Item #,RZ1(AUD)
:1140659,14.9
:1140660,22
:1140654,47
:1140674,40.5
:1140675,54
:1141284,219
:1141304,49
:1141309,19.99
:1141311,22
:1141315,25.5
:1141612,4.99
:1141622,8.47
:1141689,105
:1141775,19.87
:1142165,85
:1142164,99
:1142260,68
:1142262,45
:1142263,69
:2036330,299
:2036331,299
:2036332,299
:3041159,210.94
:3041160,210.94
:3041161,210.94
:3041162,210.94
:3041170,217.3
:3041171,217.3
:3041172,54.05
:3041173,63.59
:1142459,70.5
:3042228,215.18
:3042230,243.8
:3042232,263.94
:3042234,305.28
:9931027,1999
:1142575,119
:1142577,149
:1142580,149
:1142595,253.34
:1142597,263.94
:3042380,26.49
:3042381,23.53
:1142608,22.5
:3042426,281.96
:3042427,318
:3042428,337.08
:1142629,20.5
:1142630,22.5
:0036540,210.94
:0036541,210.94
:0314175,210.94
:0036543,210.94
:0046012,67.78
:0046013,97.7
:0046014,74
:8907105,45
:0066259,74.2
:0089712,530
:0089671,450
:0096818,14.1
:0125967,84.24
:0172273,19.5
:0406707,100
:0406708,100
:0406709,100
:0406710,100
:0406711,100
:0406712,100
:0406713,100
:0406714,100
:0406715,100
:0406716,100
:0435092,39.9
:0438355,36.9
:0436101,42
:0441005,54
:0441007,47
:0441008,49
:0441009,69
:0441010,49.9
:0442708,47
:0442709,69
:0442710,49
:0442711,34.5
:0442712,74.19
:0442713,69
:0442714,49
:0442715,54
:0441378,109
:0441063,139
:0441079,11.97
:0441081,21.5
:0441083,79
:0441084,79
:0441087,79
:0441088,199
:0441089,11.97
:0441090,329
:0441091,21.5
:0441092,249
:0441094,79
:0441095,79
:0441097,79
:0441099,189
:0441101,159
:0441102,22.5
:0446821,139
:0446822,116.6
:0446823,116.6
:0446824,157.94
:0446825,116.6
:0446826,422.94
:0446827,22
:0446828,66.78
:0446830,295.74
:0446831,159
:0446832,189
:0446833,299
:0446834,157.94
:0446835,528.94
:0446836,66.78
:0446837,66.78
:0446838,159
:0446840,157.94
:0441082,229
:0441085,219
:0441093,219
:0441105,299
:0446829,159
:0446839,179.14
:0015408,105
:0015407,104.45
:0015409,105
:0015406,110.24
:0015398,123
:0015403,103
:0015404,97
:0015405,95
:0015399,115
:0015402,107
:0015400,113
:0025607,147
:0038898,169
:0038899,199
:0038897,111.3
:0038902,179
:0038926,87.97
:0038927,29.67
:0038931,14.3
:0038932,55.12
:0038933,16.95
:0038930,26.49
:0038929,26.49
:0038906,42.39
:0038907,47.69
:0038910,42.39
:0038911,38.15
:0038937,12.71
:0038935,16.95
:0038936,16.95
:0043772,123
:0043773,142
:0043779,128.26
:0043778,182.32
:0043780,121.37
:0043777,115
:0043774,105
:0043776,122
:0111638,103
:0111639,111.3
:0126484,99
:0132064,188.15
:0132062,188.15
:0389530,175.3
:0389531,283.18
:0389532,217.01
:0389533,120.35
:0389534,56.25
:0389535,287.22
:0389536,203.04
:0389537,161.5
:0389538,8.59
:0389539,126.65
:0389540,144.64
:0389542,299.98
:0389543,175.08
:0389544,161.5
:0389545,159.96
:0389546,266.37
:0389547,190.63
:0389548,302.56
:0389550,210.03
:0389551,138.04
:0389552,271.89
:0389553,316.78
:0389554,189.06
:0389555,161.1
:0389557,144.82
:0389558,116.13
:0389559,10.53
:0389560,130.84
:0389561,129.3
:0389562,601.02
:0389563,176.83
:0389564,290.29
:0389565,231
:0389566,205.96
:0389567,601.02
:0389568,207.5
:0389570,236.62
:0389571,244.98
:0389572,70.23
:0389573,601.02
:0389575,238.16
:0389576,161.5
:0389577,237.99
:0389578,244.29
:0389579,221.3
:0389580,222.82
:0389581,84.21
:0389582,601.02
:0389583,77.22
:0389584,44.98
:0389585,224.01
:0389586,176.83
:0389587,118.57
:0389588,63.24
:0389589,228.96
:0389590,249.57
:0389591,192.17
:0389592,256.56
:0389593,98.63
:0389594,258.96
:0389595,147.12
:0389596,299.49
:0389597,259.63
:0389598,225.9
:0389599,105.08
:0389600,75.64
:0389601,113.97
:0389602,119.15
:0389603,195.23
:0389604,265.94
:0389605,314.82
:0389606,268.83
:0389607,282.63
:0389608,210.56
:0389609,91.2
:0389610,241.22
:0389611,267.29
:0389612,251.97
:0389613,133.14
:0389614,83.31
:0389615,60.3
:0389616,118.23
:0389617,284.15
:0389618,251.96
:0389619,274.95
:0389620,105.18
:0389621,149.24
:0389622,253.49
:0441012,126.14
:0441013,126.14
:0441017,168.54
:0441018,121.9
:0481907,74.19
:0481908,63.59
:0481909,84.79
:0481910,95.39
:0481911,63.59
:0481912,74.19
:0481914,84.79
:0481915,47.69
:0481916,74.19
:0481917,42.39
:0481918,95.39
:0481919,47.69
:0481920,52.99
:0481921,84.79
:0481922,63.59
:0481923,52.99
:0481925,74.19
:0481926,95.39
:0481927,63.59
:0481928,74.19
:0481929,84.79
:0481930,95.39
:0481931,47.69
:0481932,52.99
:0481933,74.19
:0481934,63.59
:0481935,42.39
:0481936,52.99
:0481938,95.39
:0481939,74.19
:0481940,42.39
:0481941,47.69
:0481942,42.39
:0481943,47.69
:0481944,52.99
:0481945,84.79
:0481946,84.79
:0481947,52.99
:0481948,74.19
:0481949,47.69
:0481950,74.19
:0481951,74.19
:0481952,74.19
:0481953,84.79
:0481954,63.59
:0481955,52.99
:0481956,42.39
:0481957,47.69
:0481958,42.39
:0481960,74.19
:0481961,42.39
:0481962,52.99
:0481963,47.69
:0481964,84.79
:0481965,84.79
:0481966,74.19
:0481967,74.19
:0481968,42.39
:0481969,52.99
:0481970,52.99
:0481971,95.39
:0481972,74.19
:0481973,52.99
:0481974,42.39
:0481975,52.99
:0481976,47.69
:0481977,95.39
:0481978,95.39
:0481979,95.39
:0481980,95.39
:0482143,200.34
:0482144,200.34
:0482145,200.34
:0483581,528.94
:0483582,475.94
:0483583,475.94
:0483584,475.94
:0483585,528.94
:0483586,475.94
:0483587,412.34
:0483588,221.54
:0483589,475.94
:0483590,475.94
:0483591,221.54
:0483593,475.94
:0483594,475.94
:0483595,412.34
:0483596,528.94
:0483597,475.94
:0483598,221.54
:0483599,475.94
:0483600,475.94
:0483601,475.94
:0483602,412.34
:0483603,528.94
:0483604,475.94
:0483605,221.54
:0483606,412.34
:0483607,475.94
:0483608,475.94
:0483609,412.34
:0483610,221.54
:0483611,475.94
:0483612,528.94
:0483613,475.94
:0483614,412.34
:0483615,221.54
:0483616,412.34
:0483617,221.54
:0483618,412.34
:0483619,475.94
:0483620,412.34
:0483621,475.94
:0483622,475.94
:0483623,475.94
:0483624,475.94
:0483625,528.94
:0483626,475.94
:0483627,221.54
:0483630,221.54
:0483631,412.34
:0483632,475.94
:0483633,528.94
:0483634,475.94
:0483635,475.94
:0483636,412.34
:0483637,528.94
:0483638,475.94
:0483639,475.94
:0483640,475.94
:0483641,221.54
:0483642,475.94
:0483644,391.14
:0483646,497.14
:0483647,316.94
:0483648,528.94
:0483649,316.94
:0483650,603.14
:0483651,497.14
:0483652,391.14
:0483654,316.94
:0483656,528.94
:0483657,391.14
:0483659,497.14
:0483660,603.14
:0483661,528.94
:0483662,316.94
:0483664,465.34
:0483665,391.14
:0483666,528.94
:0483667,316.94
:0483668,603.14
:0483669,391.14
:0483670,497.14
:0483671,528.94
:0483672,581.94
:0483673,316.94
:0483674,316.94
:0483675,603.14
:0483676,528.94
:0483677,497.14
:0483678,497.14
:0483680,603.14
:0483682,391.14
:0483683,528.94
:0483684,528.94
:0483685,316.94
:0483687,391.14
:0483688,603.14
:0483689,316.94
:0483690,603.14
:0483691,497.14
:0483692,391.14
:0483693,528.94
:0483694,497.14
:0483697,603.14
:0483698,528.94
:0483699,391.14
:0483701,391.14
:0483702,528.94
:0483703,412.34
:0483704,338.14
:0483705,316.94
:0483706,391.14
:0483707,348.74
:0483708,348.74
:0483709,497.14
:0483710,528.94
:0483711,539.54
:0483712,603.14
:0483713,539.54
:0483714,528.94
:0483715,475.94
:0483716,338.14
:0483717,539.54
:0483718,412.34
:0483719,475.94
:0483721,348.74
:0483722,475.94
:0483723,412.34
:0483724,475.94
:0483725,338.14
:0483726,539.54
:0483727,338.14
:0483728,348.74
:0483729,528.94
:0483730,539.54
:0483732,475.94
:0483733,348.74
:0483734,528.94
:0483735,412.34
:0483736,348.74
:0483737,316.94
:0483738,338.14
:0483739,539.54
:0483740,603.14
:0483741,475.94
:0483742,412.34
:0483743,497.14
:0483744,539.54
:0483745,528.94
:0483747,348.74
:0483748,338.14
:0483749,528.94
:0483750,412.34
:0483751,348.74
:0483752,338.14
:0483753,528.94
:0483754,539.54
:0483755,338.14
:0483756,528.94
:0483757,475.94
:0483758,475.94
:0483759,475.94
:0483760,412.34
:0483761,539.54
:0483762,338.14
:0483763,528.94
:0483764,348.74
:0483765,412.34
:0483766,422.94
:0483767,465.34
:0483768,401.74
:0483769,528.94
:0483770,475.94
:0483771,401.74
:0483772,560.74
:0483773,539.54
:0483774,560.74
:0483776,401.74
:0483777,348.74
:0483778,465.34
:0483779,422.94
:0483780,401.74
:0483782,338.14
:0483783,560.74
:0483784,465.34
:0483785,412.34
:0483786,422.94
:0483787,560.74
:0483789,528.94
:0483790,401.74
:0483791,422.94
:0483792,560.74
:0483793,401.74
:0483794,401.74
:0483795,401.74
:0483796,560.74
:0483797,465.34
:0483798,560.74
:0483799,401.74
:0483800,560.74
:0483801,560.74
:0483802,560.74
:0483803,422.94
:0483804,422.94
:0483805,401.74
:0483806,401.74
:0483807,401.74
:0483808,465.34
:0483809,560.74
:0483810,560.74
:0483811,401.74
:0483812,401.74
:0483813,422.94
:0483814,465.34
:0483815,560.74
:0483816,401.74
:0483817,560.74
:0483818,465.34
:0483819,401.74
:0483820,422.94
:0483821,316.94
:0483822,560.74
:0483823,316.94
:0483824,528.94
:0483825,465.34
:0483826,391.14
:0483827,369.94
:0483828,581.94
:0483830,465.34
:0483831,465.34
:0483832,528.94
:0483833,316.94
:0483834,401.74
:0483835,581.94
:0483837,560.74
:0483838,465.34
:0483839,465.34
:0483840,391.14
:0483841,316.94
:0483842,401.74
:0483843,560.74
:0483845,391.14
:0483846,560.74
:0483847,465.34
:0483849,422.94
:0483850,401.74
:0483851,528.94
:0483852,560.74
:0483853,401.74
:0483854,391.14
:0483856,422.94
:0483857,560.74
:0483858,581.94
:0483859,465.34
:0483860,465.34
:0483862,316.94
:0483863,391.14
:0483864,465.34
:0483865,316.94
:0483866,465.34
:0483867,528.94
:0483870,316.94
:0483871,581.94
:0483872,581.94
:0483873,391.14
:0483874,528.94
:0483875,391.14
:0483876,581.94
:0483877,316.94
:0483878,465.34
:0483880,465.34
:0483881,391.14
:0483882,528.94
:0483883,581.94
:0483884,316.94
:0483885,528.94
:0483886,528.94
:0483888,391.14
:0483889,30.74
:0483890,30.74
:0483891,31.8
:0483892,62.54
:0483893,22.26
:0483894,11.97
:0483895,22.26
:0483896,31.8
:0483897,22.26
:0483899,31.8
:0483900,30.74
:0483901,31.8
:0483902,22.26
:0483903,22.26
:0483905,30.74
:0483906,30.74
:0483907,62.54
:0483908,62.54
:0483909,62.54
:0483910,62.54
:0483911,62.54
:0483912,30.74
:0483913,31.8
:0483914,31.8
:0483915,30.74
:0483917,30.74
:0483918,22.26
:0483919,31.8
:0483920,62.54
:0483921,62.54
:0483922,30.74
:0483923,30.74
:0483924,22.26
:0483925,62.54
:0483926,31.8
:0483927,30.74
:0483929,30.74
:0483930,30.74
:0483931,30.74
:0483932,30.74
:0482383,687.94
:0482384,507.74
:0482385,687.94
:0482386,507.74
:0482387,507.74
:0482388,687.94
:0482390,634.94
:0482148,200.34
:0482149,200.34
:0482151,200.34
:0482152,200.34
:0482153,200.34
:0482154,200.34
:0482162,263.94
:0482163,189.74
:0482164,242.74
:0482165,316.94
:0482166,285.14
:0482167,242.74
:0482168,132.5
:0482169,132.5
:0482170,157.94
:0482173,157.94
:0482174,157.94
:0482175,221.54
:0482176,189.74
:0482177,189.74
:0482178,285.14
:0482179,242.74
:0482180,285.14
:0482181,189.74
:0482182,316.94
:0482184,242.74
:0482185,132.5
:0482187,132.5
:0482188,157.94
:0482189,221.54
:0482190,157.94
:0482191,132.5
:0482192,242.74
:0482193,189.74
:0482194,285.14
:0482196,263.94
:0482197,316.94
:0482198,221.54
:0482199,157.94
:0482200,132.5
:0482202,316.94
:0482203,189.74
:0482204,157.94
:0482205,263.94
:0482207,221.54
:0482208,189.74
:0482209,132.5
:0482210,263.94
:0482212,316.94
:0482214,157.94
:0482215,316.94
:0482216,263.94
:0482217,189.74
:0482218,132.5
:0482219,221.54
:0482220,263.94
:0482222,157.94
:0482223,132.5
:0482224,221.54
:0482226,189.74
:0482227,157.94
:0482228,316.94
:0482229,242.74
:0482230,189.74
:0482231,132.5
:0482232,221.54
:0482233,263.94
:0482234,263.94
:0482235,316.94
:0482236,316.94
:0482238,242.74
:0482239,242.74
:0482240,285.14
:0482241,285.14
:0482242,221.54
:0482243,221.54
:0482244,263.94
:0482245,263.94
:0482246,316.94
:0482247,285.14
:0482248,242.74
:0482250,285.14
:0482251,285.14
:0482252,285.14
:0482253,221.54
:0482688,518.34
:0482691,518.34
:0482693,518.34
:0482391,634.94
:0482392,634.94
:0482393,634.94
:0482394,634.94
:0482395,634.94
:0482396,719.74
:0482397,719.74
:0482398,719.74
:0482399,687.94
:0482400,507.74
:0482401,507.74
:0482402,507.74
:0482403,634.94
:0482404,687.94
:0482405,634.94
:0482406,687.94
:0482407,634.94
:0482408,634.94
:0482409,634.94
:0482410,634.94
:0482411,719.74
:0482412,719.74
:0482413,719.74
:0482414,528.94
:0482415,687.94
:0482416,719.74
:0482417,656.14
:0482418,528.94
:0482420,687.94
:0482421,719.74
:0482422,719.74
:0482423,507.74
:0482424,518.34
:0482425,634.94
:0482426,634.94
:0482427,634.94
:0482428,634.94
:0482429,634.94
:0482430,687.94
:0482431,507.74
:0482433,719.74
:0482434,528.94
:0482435,687.94
:0482436,740.94
:0482437,719.74
:0482438,719.74
:0482439,634.94
:0482440,634.94
:0482441,634.94
:0482442,550.14
:0482443,634.94
:0482446,634.94
:0482448,518.34
:0482449,656.14
:0482450,719.74
:0482451,656.14
:0482452,528.94
:0482453,550.14
:0482454,719.74
:0482457,518.34
:0482458,656.14
:0482459,518.34
:0482460,634.94
:0482461,528.94
:0482462,528.94
:0482463,740.94
:0482464,719.74
:0482465,656.14
:0482466,656.14
:0482467,518.34
:0482469,518.34
:0482470,550.14
:0482471,634.94
:0482472,634.94
:0482473,528.94
:0482474,656.14
:0482475,571.34
:0482476,518.34
:0482477,528.94
:0482478,740.94
:0482479,634.94
:0482480,634.94
:0482482,550.14
:0482483,634.94
:0482484,634.94
:0482485,740.94
:0482486,348.74
:0482487,518.34
:0482488,550.14
:0482489,656.14
:0482490,571.34
:0482491,518.34
:0482492,634.94
:0482494,740.94
:0482495,528.94
:0482496,550.14
:0482497,550.14
:0482498,656.14
:0482499,740.94
:0482500,634.94
:0482501,687.94
:0482502,518.34
:0482503,348.74
:0482504,581.94
:0482505,528.94
:0482506,571.34
:0482507,656.14
:0482509,550.14
:0482510,634.94
:0482512,507.74
:0482513,740.94
:0482514,719.74
:0482515,772.74
:0482516,507.74
:0482517,507.74
:0482518,687.94
:0482519,719.74
:0482520,581.94
:0482521,634.94
:0482522,772.74
:0482526,687.94
:0482527,507.74
:0482528,719.74
:0482529,581.94
:0482530,772.74
:0482531,581.94
:0482533,507.74
:0482534,719.74
:0482536,507.74
:0482538,687.94
:0482539,581.94
:0482540,719.74
:0482541,581.94
:0482542,507.74
:0482543,634.94
:0482545,507.74
:0482546,719.74
:0482548,581.94
:0482549,687.94
:0482550,507.74
:0482552,719.74
:0482553,719.74
:0482554,507.74
:0482555,581.94
:0482556,772.74
:0482557,719.74
:0482573,687.94
:0482575,634.94
:0482577,719.74
:0482579,634.94
:0482580,719.74
:0482583,507.74
:0482585,571.34
:0482588,581.94
:0482590,719.74
:0482592,348.74
:0482597,687.94
:0482599,772.74
:0482601,507.74
:0482604,581.94
:0482605,687.94
:0482608,719.74
:0482613,571.34
:0482616,348.74
:0482618,634.94
:0482619,550.14
:0482622,772.74
:0482623,772.74
:0482625,772.74
:0482629,634.94
:0482630,571.34
:0482631,719.74
:0482633,687.94
:0482635,740.94
:0482637,348.74
:0482640,634.94
:0482642,634.94
:0482643,687.94
:0482646,348.74
:0482648,348.74
:0482649,571.34
:0482652,571.34
:0482654,550.14
:0482656,348.74
:0482659,772.74
:0482660,571.34
:0482661,571.34
:0482662,740.94
:0482664,740.94
:0482665,719.74
:0482666,348.74
:0482667,348.74
:0482668,772.74
:0482670,518.34
:0482672,518.34
:0482674,518.34
:0482678,518.34
:0482680,518.34
:0482682,518.34
:0482685,518.34
:0482771,295.74
:0482773,295.74
:0482783,295.74
:0482784,295.74
:0482745,210.94
:0482758,285.14
:0482759,285.14
:0482760,179.14
:0482761,295.74
:0482762,338.14
:0482763,401.74
:0482764,422.94
:0482765,295.74
:0482767,285.14
:0482785,401.74
:0482786,422.94
:0482787,422.94
:0482788,338.14
:0482789,179.14
:0482790,295.74
:0482792,295.74
:0482793,295.74
:0482794,285.14
:0482795,285.14
:0482797,422.94
:0482798,295.74
:0482800,412.34
:0482801,422.94
:0482802,422.94
:0482803,295.74
:0482804,179.14
:0482805,422.94
:0482806,285.14
:0482807,412.34
:0482809,412.34
:0482810,422.94
:0482811,422.94
:0482812,285.14
:0482813,422.94
:0482814,422.94
:0482815,295.74
:0482816,412.34
:0482817,295.74
:0482818,295.74
:0482819,412.34
:0482820,295.74
:0482821,285.14
:0482822,179.14
:0482824,285.14
:0482825,242.74
:0482827,422.94
:0482829,295.74
:0482831,210.94
:0482832,422.94
:0482834,242.74
:0482768,295.74
:0482769,422.94
:0482770,338.14
:0482772,422.94
:0482774,422.94
:0482775,422.94
:0482776,412.34
:0482777,285.14
:0482779,285.14
:0482780,285.14
:0482781,295.74
:0482782,338.14
:0482799,422.94
:0482835,242.74
:0482836,412.34
:0482837,422.94
:0482838,327.54
:0482839,210.94
:0482840,295.74
:0482842,242.74
:0482843,242.74
:0482844,412.34
:0482846,295.74
:0482847,242.74
:0482848,295.74
:0482849,422.94
:0482850,422.94
:0482851,422.94
:0482852,242.74
:0482853,327.54
:0482854,295.74
:0482855,179.14
:0482856,295.74
:0482858,295.74
:0482859,295.74
:0482860,422.94
:0482861,412.34
:0482862,422.94
:0482863,285.14
:0482864,422.94
:0482865,242.74
:0482866,422.94
:0482867,295.74
:0482868,242.74
:0482869,412.34
:0482870,210.94
:0482871,327.54
:0482872,179.14
:0482873,422.94
:0482874,295.74
:0482875,422.94
:0482876,295.74
:0482877,422.94
:0482878,327.54
:0482879,210.94
:0482880,210.94
:0482881,242.74
:0482883,242.74
:0482884,242.74
:0482885,295.74
:0482886,242.74
:0482888,327.54
:0482889,242.74
:0482890,327.54
:0482891,242.74
:0482892,295.74
:0482893,422.94
:0482895,306.34
:0482896,327.54
:0482897,475.94
:0482898,189.74
:0482899,306.34
:0482900,401.74
:0482901,210.94
:0482902,465.34
:0482903,475.94
:0482904,274.54
:0482906,189.74
:0482907,200.34
:0482909,210.94
:0482910,465.34
:0482911,401.74
:0482912,274.54
:0482914,401.74
:0482915,200.34
:0482916,380.54
:0482917,475.94
:0482918,465.34
:0482919,401.74
:0482920,380.54
:0482923,401.74
:0482926,380.54
:0482927,210.94
:0482928,380.54
:0482929,475.94
:0482930,465.34
:0482931,401.74
:0482932,401.74
:0482933,380.54
:0482935,475.94
:0482936,401.74
:0482937,475.94
:0482938,189.74
:0482939,189.74
:0482940,401.74
:0482941,179.14
:0482943,274.54
:0482944,475.94
:0482945,274.54
:0482946,210.94
:0482947,189.74
:0482948,465.34
:0482949,465.34
:0482950,179.14
:0482951,380.54
:0482952,179.14
:0482953,274.54
:0482954,200.34
:0482955,401.74
:0482956,348.74
:0482957,401.74
:0482958,200.34
:0482959,210.94
:0482960,274.54
:0482961,179.14
:0482963,401.74
:0482964,348.74
:0482965,475.94
:0482966,200.34
:0482967,210.94
:0482968,306.34
:0482969,179.14
:0482970,306.34
:0482972,348.74
:0482973,401.74
:0482974,475.94
:0482975,274.54
:0482976,475.94
:0482978,306.34
:0482979,274.54
:0482981,475.94
:0482983,401.74
:0482985,401.74
:0482986,475.94
:0482987,274.54
:0482988,401.74
:0482990,200.34
:0482991,274.54
:0482993,475.94
:0482994,401.74
:0482995,401.74
:0482997,348.74
:0482999,401.74
:0483001,179.14
:0483002,475.94
:0483003,401.74
:0483004,306.34
:0483005,401.74
:0483006,401.74
:0483007,274.54
:0483008,348.74
:0483009,475.94
:0483010,200.34
:0483011,179.14
:0483012,401.74
:0483014,179.14
:0483015,306.34
:0483016,210.94
:0483017,200.34
:0483018,475.94
:0483019,348.74
:0483020,274.54
:0483021,179.14
:0483023,401.74
:0483024,401.74
:0483025,401.74
:0483026,295.74
:0483027,348.74
:0483028,401.74
:0483029,475.94
:0483030,285.14
:0483031,274.54
:0483032,274.54
:0483033,274.54
:0483034,475.94
:0483035,348.74
:0483037,401.74
:0483038,475.94
:0483082,285.14
:0483086,475.94
:0483088,210.94
:0483090,274.54
:0483092,295.74
:0483094,348.74
:0483096,200.34
:0483098,306.34
:0483100,179.14
:0483102,475.94
:0483104,200.34
:0483106,475.94
:0483108,306.34
:0483110,210.94
:0483112,401.74
:0483117,475.94
:0483119,338.14
:0483122,401.74
:0483124,475.94
:0483126,179.14
:0483128,401.74
:0483129,306.34
:0483131,401.74
:0483133,274.54
:0483136,285.14
:0483139,475.94
:0483140,401.74
:0483143,295.74
:0483145,348.74
:0483146,401.74
:0483149,338.14
:0483151,179.14
:0483152,274.54
:0483154,475.94
:0483155,285.14
:0483156,475.94
:0483158,295.74
:0483160,401.74
:0483161,475.94
:0483163,295.74
:0483164,338.14
:0483167,338.14
:0483169,274.54
:0483171,295.74
:0483172,295.74
:0483174,359.34
:0483176,475.94
:0483177,401.74
:0483180,200.34
:0483182,338.14
:0483183,295.74
:0483187,179.14
:0483189,338.14
:0483191,232.14
:0483193,285.14
:0483195,285.14
:0483197,242.74
:0483201,295.74
:0483202,359.34
:0483205,475.94
:0483208,401.74
:0483211,179.14
:0483212,200.34
:0483214,285.14
:0483215,507.74
:0483217,232.14
:0483219,242.74
:0483221,507.74
:0483222,507.74
:0483224,200.34
:0483226,359.34
:0483231,359.34
:0483233,242.74
:0483236,242.74
:0483238,200.34
:0483240,232.14
:0483243,200.34
:0483244,242.74
:0483246,507.74
:0483252,454.74
:0483254,242.74
:0483257,232.14
:0483259,210.94
:0483262,200.34
:0483264,507.74
:0483266,359.34
:0483268,359.34
:0483271,359.34
:0483276,454.74
:0483278,232.14
:0483281,232.14
:0483283,359.34
:0483286,200.34
:0483287,232.14
:0483290,210.94
:0483292,359.34
:0483296,242.74
:0483300,454.74
:0483304,232.14
:0483307,210.94
:0483311,232.14
:0483313,242.74
:0483315,242.74
:0483317,210.94
:0483320,507.74
:0483323,359.34
:0483325,454.74
:0483329,253.34
:0483331,242.74
:0483332,232.14
:0483334,295.74
:0483336,359.34
:0483338,242.74
:0483342,454.74
:0483344,210.94
:0483346,507.74
:0483350,359.34
:0483352,454.74
:0483355,253.34
:0483357,359.34
:0483359,295.74
:0483361,295.74
:0483363,210.94
:0483364,253.34
:0483366,454.74
:0483369,253.34
:0483370,454.74
:0483377,359.34
:0483379,359.34
:0483380,295.74
:0483383,210.94
:0483385,253.34
:0483387,454.74
:0483392,210.94
:0483393,253.34
:0483395,295.74
:0483398,295.74
:0483401,210.94
:0483402,401.74
:0483407,359.34
:0483409,189.74
:0483413,274.54
:0483414,253.34
:0483417,465.34
:0483419,465.34
:0483426,189.74
:0483427,380.54
:0483430,380.54
:0483434,189.74
:0483435,295.74
:0483437,253.34
:0483439,465.34
:0483444,380.54
:0483447,253.34
:0483449,189.74
:0483450,295.74
:0483452,295.74
:0483455,454.74
:0483458,465.34
:0483460,253.34
:0483465,189.74
:0483467,380.54
:0483469,359.34
:0483470,242.74
:0483472,295.74
:0483475,210.94
:0483478,327.54
:0483480,295.74
:0483400,444.14
:0483482,242.74
:0483405,295.74
:0483486,422.94
:0483489,327.54
:0483412,242.74
:0483492,327.54
:0483418,327.54
:0483494,444.14
:0483497,242.74
:0483429,422.94
:0483500,422.94
:0483503,327.54
:0483436,444.14
:0483504,327.54
:0483442,295.74
:0483446,327.54
:0483448,242.74
:0483451,295.74
:0483456,327.54
:0483459,444.14
:0483508,422.94
:0483466,422.94
:0483468,444.14
:0483509,444.14
:0483476,327.54
:0483481,295.74
:0483483,242.74
:0483513,359.34
:0483487,242.74
:0483514,422.94
:0483516,507.74
:0483496,444.14
:0483518,242.74
:0483520,295.74
:0483502,327.54
:0483522,327.54
:0483530,242.74
:0483510,422.94
:0483532,200.34
:0483517,295.74
:0483536,444.14
:0483540,507.74
:0483541,242.74
:0483544,359.34
:0483546,242.74
:0483528,242.74
:0483549,295.74
:0483550,444.14
:0483535,327.54
:0483553,200.34
:0483554,422.94
:0483558,295.74
:0483551,422.94
:0483563,359.34
:0483565,242.74
:0483567,507.74
:0483570,327.54
:0483571,295.74
:0483572,242.74
:0483566,422.94
:0483574,200.34
:0483573,444.14
:0483575,295.74
:0526490,90.1
:0526491,200.34
:0526492,200.34
:0526493,200.34
:0526494,90.1
:0526495,200.34
:0526496,90.1
:0526497,90.1
:0525830,157.94
:0525831,486.54
:0525832,486.54
:0525833,47.7
:0525834,16.95
:0525835,132.5
:0525836,147.34
:0525837,126.14
:0525838,41.34
:0525839,47.7
:0525840,19.07
:0525841,136.74
:0526500,232.14
:0526501,232.14
:0526506,740.94
:0526505,740.94
:0526509,232.14
:0526512,740.94
:0526513,475.94
:0526517,528.94
:0526524,740.94
:0526527,528.94
:0526528,528.94
:0526529,475.94
:0526530,528.94
:0526532,232.14
:0526534,740.94
:0526537,475.94
:0526540,232.14
:0526542,475.94
:0526544,528.94
:0526546,740.94
:0526547,232.14
:0526550,232.14
:0526551,232.14
:0526553,740.94
:0526555,528.94
:0526712,475.94
:0526715,528.94
:0526719,475.94
:0526724,740.94
:0526727,475.94
:0526732,232.14
:0526735,528.94
:0526737,740.94
:0526745,475.94
:0526748,528.94
:0526752,475.94
:0527390,221.54
:0527391,90.09
:0527392,369.94
:0527393,316.94
:0527394,302.1
:0527395,221.54
:0527396,369.94
:0527397,391.14
:0527398,90.09
:0527403,391.14
:0527404,316.94
:0527406,391.14
:0527408,302.1
:0527410,221.54
:0527412,263.94
:0527414,90.09
:0527416,369.94
:0527417,210.94
:0527419,391.14
:0527421,90.09
:0527423,90.09
:0527425,316.94
:0527427,263.94
:0527430,221.54
:0527432,221.54
:0527434,263.94
:0527436,380.54
:0527438,369.94
:0527440,316.94
:0527442,369.94
:0527444,91.15
:0527447,391.14
:0527449,391.14
:0527451,210.94
:0527453,316.94
:0527455,90.09
:0527457,94.34
:0527459,302.1
:0527461,221.54
:0527463,391.14
:0527465,295.74
:0527467,316.94
:0527470,295.74
:0527472,90.09
:0527473,94.34
:0527476,391.14
:0527478,316.94
:0527480,391.14
:0527482,369.94
:0527484,391.14
:0527486,391.14
:0527488,302.1
:0527490,316.94
:0527492,391.14
:0527493,221.54
:0527496,302.1
:0527497,94.34
:0527502,316.94
:0527507,295.74
:0527509,302.1
:0527510,391.14
:0527512,302.1
:0527514,94.34
:0527517,391.14
:0527519,391.14
:0527521,21.19
:0527522,295.74
:0527524,369.94
:0527526,21.19
:0527528,274.54
:0527530,90.09
:0527532,21.19
:0527533,94.34
:0527536,295.74
:0527538,380.54
:0527540,21.19
:0527542,302.1
:0527545,316.94
:0527548,316.94
:0527550,391.14
:0527552,263.94
:0527554,21.19
:0527555,94.34
:0527556,210.94
:0527559,295.74
:0527561,316.94
:0527563,91.15
:0527565,316.94
:0527568,302.1
:0527570,274.54
:0527572,380.54
:0527574,380.54
:0527577,391.14
:0527581,21.19
:0527583,316.94
:0527588,295.74
:0527590,316.94
:0527593,391.14
:0527595,94.34
:0527597,274.54
:0527600,210.94
:0527603,21.19
:0527605,391.14
:0527607,380.54
:0527610,316.94
:0527613,295.74
:0527614,91.15
:0527618,274.54
:0527620,94.34
:0527623,274.54
:0527626,380.54
:0527627,21.19
:0527629,316.94
:0527631,369.94
:0527633,316.94
:0527635,391.14
:0527637,221.54
:0527639,274.54
:0527641,210.94
:0527642,263.94
:0527645,91.15
:0527648,221.54
:0527650,263.94
:0527652,210.94
:0527654,380.54
:0527656,274.54
:0527657,369.94
:0527660,91.15
:0527662,380.54
:0527664,263.94
:0527667,316.94
:0527669,210.94
:0527672,221.54
:0527674,274.54
:0527676,263.94
:0527678,380.54
:0527680,263.94
:0527682,210.94
:0527685,91.15
:0527687,380.54
:0527691,274.54
:0527692,210.94
:0527693,316.94
:0527694,91.15
:0527696,91.15
:0527697,274.54
:0527698,210.94
:0527699,263.94
:0550563,581.94
:0550564,931.74
:0550566,581.94
:0550567,581.94
:0550568,581.94
:0550569,581.94
:0550570,581.94
:0550571,931.74
:0550572,931.74
:0550573,581.94
:0550577,931.74
:0550579,581.94
:0550581,931.74
:0550583,581.94
:0550585,581.94
:0550587,581.94
:0550589,931.74
:0550591,931.74
:0550593,931.74
:0550596,581.94
:0550598,931.74
:0550600,931.74
:0550602,931.74
:0550605,581.94
:0550608,931.74
:0550610,931.74
:0550613,931.74
:0550614,581.94
:0550617,581.94
:0550620,581.94
:0550623,581.94
:0550625,931.74
:0550627,581.94
:0550629,931.74
:0550631,931.74
:0550633,581.94
:0550635,581.94
:0550636,931.74
:0550638,931.74
:0550641,931.74
:0550643,931.74
:0550645,581.94
:0550647,931.74
:0550649,581.94
:0550651,581.94
:0550652,931.74
:0550656,931.74
:0550658,581.94
:0550660,581.94
:0550661,931.74
:0550663,931.74
:0550666,581.94
:0550668,931.74
:0550670,931.74
:0550672,581.94
:0550674,931.74
:0550676,581.94
:0550677,931.74
:0550679,931.74
:0550681,931.74
:0550683,581.94
:0550685,931.74
:0550687,581.94
:0550688,581.94
:0550690,581.94
:0550692,931.74
:0550694,581.94
:0550696,581.94
:0550699,581.94
:0550702,581.94
:0550704,581.94
:0550705,931.74
:0550708,581.94
:0550710,581.94
:0550712,931.74
:0550714,931.74
:0550716,581.94
:0550718,931.74
:0550720,581.94
:0550722,931.74
:0550724,931.74
:0550726,931.74
:0550728,931.74
:0550730,581.94
:0550732,581.94
:0550734,581.94
:0550737,931.74
:0550739,581.94
:0550740,931.74
:0550742,581.94
:0550744,931.74
:0550746,581.94
:0550748,931.74
:0550750,931.74
:0550752,931.74
:0550754,581.94
:0550756,931.74
:0550762,581.94
:0550763,931.74
:0550765,931.74
:0550768,931.74
:0550770,581.94
:0550772,581.94
:0550774,581.94
:0550776,931.74
:0550778,581.94
:0550780,931.74
:0550782,931.74
:0550784,581.94
:0550786,931.74
:0550788,581.94
:0550790,581.94
:0550792,581.94
:0550794,931.74
:0550796,931.74
:0550798,581.94
:0550800,931.74
:0550802,931.74
:0550804,581.94
:0550806,581.94
:0550808,581.94
:0550809,581.94
:0550811,931.74
:0550813,581.94
:0550815,931.74
:0550817,931.74
:0550818,931.74
:0550819,581.94
:0550821,581.94
:0550823,581.94
:0550825,581.94
:0550827,931.74
:0550828,581.94
:0550830,931.74
:0550832,931.74
:0550835,931.74
:0550837,581.94
:0550839,931.74
:0550841,931.74
:0550843,931.74
:0550845,931.74
:0550847,581.94
:0550849,581.94
:0550851,581.94
:0550853,931.74
:0550855,931.74
:0550857,581.94
:0550860,581.94
:0550862,581.94
:0550864,931.74
:0550866,931.74
:0550868,931.74
:0550870,931.74
:0550872,581.94
:0550874,581.94
:0550876,581.94
:0550877,931.74
:0550879,581.94
:0550881,931.74
:0550883,931.74
:0550885,931.74
:0550887,931.74
:0550890,931.74
:0550892,581.94
:0550894,931.74
:0550896,581.94
:0550899,931.74
:0550901,581.94
:0550902,931.74
:0550906,931.74
:0550908,581.94
:0550910,931.74
:0550912,581.94
:0550914,931.74
:0550916,931.74
:0550918,581.94
:0550920,581.94
:0550922,581.94
:0550924,581.94
:0550926,581.94
:0550928,581.94
:0550930,581.94
:0550932,581.94
:0550934,931.74
:0550936,581.94
:0550938,581.94
:0550940,931.74
:0550942,931.74
:0550944,581.94
:0550946,581.94
:0550948,931.74
:0550950,581.94
:0550952,581.94
:0550953,581.94
:0550954,931.74
:0550956,931.74
:0550959,581.94
:0550961,931.74
:0550963,931.74
:0550965,931.74
:0550967,581.94
:0550969,581.94
:0550971,931.74
:0550973,581.94
:0550975,931.74
:0550977,581.94
:0550979,931.74
:0550981,581.94
:0550983,931.74
:0550985,581.94
:0550987,581.94
:0550989,581.94
:0550991,931.74
:0550993,931.74
:0550994,581.94
:0550996,931.74
:0550999,931.74
:0551001,931.74
:0551004,581.94
:0551006,581.94
:0551008,581.94
:0551010,931.74
:0551012,931.74
:0551015,931.74
:0551016,581.94
:0551017,931.74
:0551019,581.94
:0551021,581.94
:0551023,581.94
:0551025,931.74
:0551028,931.74
:0551030,931.74
:0551032,581.94
:0551034,581.94
:0551036,581.94
:0551037,931.74
:0551039,931.74
:0551041,931.74
:0551043,581.94
:0551045,581.94
:0551046,931.74
:0551049,931.74
:0551051,931.74
:0551053,931.74
:0551055,581.94
:0551057,931.74
:0551060,931.74
:0551062,581.94
:0551066,931.74
:0551070,931.74
:0551071,931.74
:0551072,581.94
:0551073,581.94
:0551077,581.94
:0551079,581.94
:0551081,931.74
:0551083,931.74
:0551085,581.94
:0551087,581.94
:0551089,581.94
:0551092,581.94
:0551094,931.74
:0551095,581.94
:0551098,581.94
:0551100,931.74
:0551102,931.74
:0551104,931.74
:0551106,581.94
:0551108,931.74
:0551110,931.74
:0551112,581.94
:0551114,581.94
:0551115,931.74
:0551117,581.94
:0551119,931.74
:0551121,581.94
:0551122,931.74
:0551123,581.94
:0551124,581.94
:0551125,931.74
:0558159,232.14
:0558160,369.94
:0558161,369.94
:0558162,369.94
:0558164,232.14
:0558165,232.14
:0558166,232.14
:0558167,232.14
:0558168,369.94
:0558169,369.94
:0558170,232.14
:0558171,369.94
:0558172,369.94
:0558173,232.14
:0558174,369.94
:0558175,232.14
:0558176,369.94
:0558178,369.94
:0558179,369.94
:0558180,369.94
:0558182,369.94
:0558194,232.14
:0558197,232.14
:0558199,369.94
:0558201,369.94
:0558204,232.14
:0558208,232.14
:0558210,232.14
:0558213,232.14
:0558215,369.94
:0558217,369.94
:0558219,369.94
:0558221,232.14
:0558223,232.14
:0558225,232.14
:0558202,232.14
:0558203,232.14
:0558231,369.94
:0558233,369.94
:0558235,232.14
:0558211,232.14
:0558214,369.94
:0558241,454.74
:0558243,369.94
:0558220,369.94
:0558222,369.94
:0558224,232.14
:0558251,232.14
:0558253,369.94
:0558230,369.94
:0558232,232.14
:0558259,232.14
:0558607,232.14
:0558609,369.94
:0558611,339.2
:0558613,369.94
:0558615,339.2
:0558616,369.94
:0558619,232.14
:0558621,369.94
:0558623,232.14
:0558625,369.94
:0558628,232.14
:0558630,369.94
:0558633,232.14
:0558635,369.94
:0558637,232.14
:0558639,232.14
:0558641,232.14
:0558642,232.14
:0558261,369.94
:0558263,232.14
:0558240,369.94
:0558242,232.14
:0558270,369.94
:0558272,232.14
:0558274,232.14
:0558250,232.14
:0558252,369.94
:0558280,369.94
:0558288,369.94
:0558291,232.14
:0558293,232.14
:0558295,232.14
:0558297,369.94
:0558298,369.94
:0558300,369.94
:0558302,369.94
:0558307,232.14
:0558309,232.14
:0558313,369.94
:0558314,369.94
:0558316,369.94
:0558319,232.14
:0558320,232.14
:0558323,232.14
:0558325,369.94
:0558327,232.14
:0558329,369.94
:0558332,232.14
:0558335,369.94
:0558337,232.14
:0558339,369.94
:0558341,232.14
:0558342,339.2
:0558344,232.14
:0558346,232.14
:0558356,369.94
:0558358,339.2
:0558360,232.14
:0558363,232.14
:0558365,232.14
:0558368,339.2
:0558370,369.94
:0558373,232.14
:0558374,232.14
:0558376,232.14
:0558379,369.94
:0558381,339.2
:0558382,339.2
:0558385,232.14
:0558387,232.14
:0558389,232.14
:0558391,369.94
:0558392,369.94
:0558395,369.94
:0558398,232.14
:0558400,339.2
:0558402,369.94
:0558404,369.94
:0558406,232.14
:0558408,339.2
:0558410,369.94
:0558412,232.14
:0558414,232.14
:0558416,232.14
:0558418,369.94
:0558421,232.14
:0558423,339.2
:0558425,339.2
:0558426,369.94
:0558429,232.14
:0558431,232.14
:0558433,232.14
:0558435,232.14
:0558437,339.2
:0558438,339.2
:0558441,369.94
:0558443,232.14
:0558445,232.14
:0558447,232.14
:0558449,232.14
:0558451,369.94
:0558453,369.94
:0558455,369.94
:0558457,232.14
:0558459,232.14
:0558462,232.14
:0558464,369.94
:0558467,369.94
:0558469,369.94
:0558471,232.14
:0558472,369.94
:0558474,369.94
:0558476,232.14
:0558478,339.2
:0558480,232.14
:0558484,232.14
:0558486,369.94
:0558488,339.2
:0558490,339.2
:0558492,232.14
:0558494,232.14
:0558496,232.14
:0558498,339.2
:0558500,232.14
:0558504,369.94
:0558506,339.2
:0558508,232.14
:0558510,369.94
:0558512,232.14
:0558514,369.94
:0558516,232.14
:0558517,369.94
:0558518,369.94
:0558522,232.14
:0558524,232.14
:0558526,232.14
:0558529,369.94
:0558531,232.14
:0558534,369.94
:0558536,232.14
:0558538,232.14
:0558540,232.14
:0558542,369.94
:0558544,232.14
:0558546,232.14
:0558548,369.94
:0558550,232.14
:0558552,232.14
:0558554,339.2
:0558556,232.14
:0558558,369.94
:0558560,369.94
:0558562,369.94
:0558565,339.2
:0558567,369.94
:0558569,232.14
:0558571,369.94
:0558574,369.94
:0558584,232.14
:0558586,339.2
:0558589,339.2
:0558591,339.2
:0558593,369.94
:0558595,369.94
:0558596,369.94
:0558599,232.14
:0558601,339.2
:0558603,369.94
:0558646,369.94
:0558648,232.14
:0558649,369.94
:0558650,339.2
:0558652,232.14
:0558653,369.94
:0558654,339.2
:0558655,369.94
:0558656,369.94
:0558657,232.14
:0558658,232.14
:0558660,369.94
:0558662,369.94
:0558664,369.94
:0558666,339.2
:0558667,369.94
:0558670,232.14
:0558672,369.94
:0558674,232.14
:0558676,232.14
:0558678,369.94
:0558681,369.94
:0558683,232.14
:0558685,369.94
:0558687,369.94
:0558689,232.14
:0558691,232.14
:0558693,369.94
:0558695,369.94
:0558698,339.2
:0558700,369.94
:0558705,232.14
:0558707,369.94
:0558711,339.2
:0558713,339.2
:0558715,369.94
:0558717,339.2
:0558719,232.14
:0558721,369.94
:0558724,232.14
:0558728,369.94
:0558730,232.14
:0558732,339.2
:0558735,369.94
:0558737,339.2
:0558739,232.14
:0558741,369.94
:0558743,232.14
:0558744,369.94
:0558746,339.2
:0558748,369.94
:0558750,232.14
:0558752,232.14
:0558753,232.14
:0558755,369.94
:0558757,232.14
:0558766,369.94
:0558767,232.14
:0558769,369.94
:0558771,232.14
:0558773,232.14
:0558775,232.14
:0558777,369.94
:0558779,339.2
:0558781,339.2
:0558783,232.14
:0558785,232.14
:0558787,232.14
:0558789,339.2
:0558791,369.94
:0558793,339.2
:0558795,232.14
:0558797,232.14
:0558798,232.14
:0558800,369.94
:0558803,339.2
:0558805,339.2
:0558807,232.14
:0558811,232.14
:0558813,369.94
:0558815,339.2
:0558818,369.94
:0558820,232.14
:0558822,232.14
:0558824,232.14
:0558825,369.94
:0558827,369.94
:0558829,369.94
:0558832,232.14
:0558834,232.14
:0558835,369.94
:0558837,232.14
:0558839,369.94
:0558841,369.94
:0558844,232.14
:0558846,232.14
:0558850,369.94
:0558852,232.14
:0558854,369.94
:0558856,454.74
:0558858,454.74
:0558860,232.14
:0558862,369.94
:0558865,232.14
:0558867,369.94
:0558869,454.74
:0558871,454.74
:0558873,369.94
:0558875,369.94
:0558877,369.94
:0558879,369.94
:0558881,369.94
:0558883,232.14
:0558885,369.94
:0558887,232.14
:0558889,369.94
:0558891,232.14
:0558892,369.94
:0558894,369.94
:0558896,369.94
:0558898,232.14
:0558900,369.94
:0558902,369.94
:0558904,454.74
:0558906,232.14
:0558908,369.94
:0558910,369.94
:0558912,232.14
:0558914,454.74
:0558916,454.74
:0558918,454.74
:0558920,232.14
:0558922,369.94
:0558924,369.94
:0558926,369.94
:0558928,369.94
:0558931,454.74
:0558933,232.14
:0558935,369.94
:0558938,369.94
:0558940,232.14
:0558942,369.94
:0558944,369.94
:0558946,369.94
:0558948,232.14
:0558952,232.14
:0558954,232.14
:0558956,369.94
:0558959,232.14
:0558962,369.94
:0558964,369.94
:0558966,232.14
:0558968,232.14
:0558970,232.14
:0558971,232.14
:0558973,369.94
:0558975,232.14
:0558976,454.74
:0558977,232.14
:0558978,232.14
:0558980,369.94
:0558982,454.74
:0558985,369.94
:0558987,369.94
:0558989,369.94
:0558991,454.74
:0558993,369.94
:0558995,232.14
:0558997,369.94
:0558999,232.14
:0559001,369.94
:0559004,454.74
:0559006,454.74
:0559008,232.14
:0559010,369.94
:0559013,232.14
:0559015,369.94
:0559017,232.14
:0559021,369.94
:0559026,369.94
:0559029,369.94
:0559031,369.94
:0559034,232.14
:0559036,339.2
:0559038,232.14
:0559040,369.94
:0559042,369.94
:0559045,369.94
:0559047,369.94
:0559049,454.74
:0559050,232.14
:0559052,454.74
:0559056,369.94
:0559058,454.74
:0559061,369.94
:0559062,454.74
:0559064,369.94
:0559066,232.14
:0559068,369.94
:0559069,232.14
:0559071,369.94
:0559073,369.94
:0559076,369.94
:0559077,369.94
:0559079,232.14
:0559081,232.14
:0559083,232.14
:0559085,232.14
:0559087,369.94
:0559088,369.94
:0559090,369.94
:0559093,369.94
:0559094,232.14
:0559096,232.14
:0559098,232.14
:0559100,369.94
:0559102,369.94
:0559104,369.94
:0559106,454.74
:0559108,454.74
:0559110,232.14
:0559112,369.94
:0559116,369.94
:0559118,454.74
:0559120,454.74
:0559122,454.74
:0559124,232.14
:0559126,369.94
:0559128,369.94
:0559130,232.14
:0559132,232.14
:0559136,369.94
:0559138,232.14
:0559140,369.94
:0559142,232.14
:0559144,232.14
:0559146,232.14
:0559147,232.14
:0559149,232.14
:0559151,232.14
:0559153,232.14
:0559154,232.14
:0559155,454.74
:0559156,369.94
:0559157,369.94
:0559162,369.94
:0559165,454.74
:0559166,454.74
:0559167,454.74
:0559169,232.14
:0559171,232.14
:0559173,369.94
:0559176,454.74
:0559177,232.14
:0559180,369.94
:0559181,232.14
:0559184,232.14
:0559186,369.94
:0559188,369.94
:0559190,232.14
:0559192,369.94
:0559194,232.14
:0559196,232.14
:0559197,369.94
:0559199,369.94
:0559201,454.74
:0559203,369.94
:0559206,232.14
:0559208,232.14
:0559210,232.14
:0559212,232.14
:0559213,369.94
:0559217,369.94
:0559219,454.74
:0559221,232.14
:0559224,232.14
:0559226,454.74
:0559229,232.14
:0559231,369.94
:0559233,369.94
:0559235,369.94
:0559237,369.94
:0559239,232.14
:0559241,369.94
:0559243,369.94
:0559245,232.14
:0559247,454.74
:0559249,369.94
:0559251,232.14
:0559255,369.94
:0559259,232.14
:0559261,232.14
:0559263,369.94
:0559265,232.14
:0559267,232.14
:0559270,232.14
:0559272,454.74
:0559273,454.74
:0559276,369.94
:0559278,369.94
:0559281,232.14
:0559283,454.74
:0559285,232.14
:0559287,369.94
:0559289,369.94
:0559292,232.14
:0559294,369.94
:0559296,369.94
:0559305,454.74
:0559307,232.14
:0559309,369.94
:0559311,232.14
:0559313,232.14
:0559315,369.94
:0559317,232.14
:0559319,232.14
:0559321,232.14
:0559323,454.74
:0559325,232.14
:0559327,232.14
:0559329,369.94
:0559331,232.14
:0559333,369.94
:0559335,232.14
:0559336,232.14
:0559337,454.74
:0559338,232.14
:0559339,369.94
:0559340,369.94
:0559341,454.74
:0559342,454.74
:0559344,369.94
:0559345,369.94
:0559346,454.74
:0559347,369.94
:0559348,369.94
:0559349,369.94
:0559350,369.94
:0559351,232.14
:0559352,232.14
:0561675,656.14
:0561676,634.94
:0561677,1005.94
:0561678,634.94
:0561679,1005.94
:0561680,656.14
:0561681,634.94
:0561682,274.54
:0561683,634.94
:0561684,656.14
:0561685,656.14
:0561686,634.94
:0561687,274.54
:0561688,274.54
:0561689,274.54
:0561690,274.54
:0561692,634.94
:0561694,1005.94
:0561696,656.14
:0561699,274.54
:0561701,274.54
:0561704,634.94
:0561707,1005.94
:0561709,634.94
:0561711,656.14
:0561713,656.14
:0561715,656.14
:0561717,1005.94
:0561720,274.54
:0561723,1005.94
:0561725,1005.94
:0561727,634.94
:0561729,274.54
:0561731,634.94
:0561733,656.14
:0561735,1005.94
:0561737,1005.94
:0561739,1005.94
:0561740,656.14
:0561741,274.54
:0579167,49
:0441096,157.94
:0604137,221.54
:0604138,168.54
:0604139,168.54
:0604140,232.14
:0604141,221.54
:0604142,221.54
:0604143,168.54
:0604144,232.14
:0604145,168.54
:0604146,221.54
:0604147,168.54
:0604148,232.14
:0604149,221.54
:0604150,232.14
:0604151,168.54
:0604152,232.14
:0604153,168.54
:0604154,221.54
:0604155,221.54
:0604156,168.54
:0604157,221.54
:0604158,168.54
:0604159,232.14
:0604160,168.54
:0604162,232.14
:0604163,168.54
:0604164,221.54
:0604165,168.54
:0604166,168.54
:0604167,168.54
:0604168,168.54
:0604169,232.14
:0620867,369.94
:0620868,369.94
:0620853,369.94
:0620855,369.94
:0620856,369.94
:0620857,369.94
:0620858,369.94
:0620859,369.94
:0620860,369.94
:0620861,369.94
:0620871,369.94
:0620874,369.94
:0620877,369.94
:0620879,369.94
:0620882,369.94
:0620884,369.94
:0620886,369.94
:0620889,369.94
:0620891,369.94
:0620893,369.94
:0620895,369.94
:0620900,369.94
:0620903,369.94
:0620905,369.94
:0620907,369.94
:0620908,369.94
:0620911,369.94
:0620912,369.94
:0620915,369.94
:0620917,369.94
:0620920,369.94
:0620922,369.94
:0620924,369.94
:0620926,369.94
:0620929,369.94
:0620931,369.94
:0620933,369.94
:0620936,369.94
:0620938,369.94
:0620940,369.94
:0620942,369.94
:0620945,369.94
:0620947,369.94
:0620949,369.94
:0620950,369.94
:0620952,369.94
:0620953,369.94
:0620954,369.94
:0620863,369.94
:0630431,295.74
:0630432,295.74
:0630433,369.94
:0630434,422.94
:0630435,295.74
:0630436,295.74
:0630437,422.94
:0630438,422.94
:0630439,422.94
:0630440,369.94
:0630441,422.94
:0630442,369.94
:0630443,338.14
:0630444,369.94
:0630445,295.74
:0630446,369.94
:0630447,52.97
:0630448,422.94
:0630449,369.94
:0630450,369.94
:0630451,422.94
:0630452,295.74
:0630455,369.94
:0630457,422.94
:0630458,369.94
:0630461,422.94
:0630462,295.74
:0630465,295.74
:0630467,369.94
:0630468,295.74
:0638964,179.14
:0638966,253.34
:0638944,210.94
:0638945,560.74
:0638946,221.54
:0638947,369.94
:0638949,401.74
:0638950,380.54
:0638951,210.94
:0638957,560.74
:0638958,253.34
:0638960,253.34
:0638963,401.74
:0640659,232.14
:0640660,539.54
:0640661,316.94
:0640662,613.74
:0638969,253.34
:0638971,762.14
:0638974,221.54
:0638976,444.14
:0638978,253.34
:0638980,560.74
:0638982,560.74
:0638984,221.54
:0638987,253.34
:0638988,179.14
:0638990,444.14
:0638992,221.54
:0638994,444.14
:0638996,295.74
:0638999,401.74
:0639001,210.94
:0639003,560.74
:0639005,401.74
:0639007,762.14
:0639009,221.54
:0639011,179.14
:0639013,401.74
:0639015,295.74
:0639017,210.94
:0639019,560.74
:0639021,253.34
:0639023,401.74
:0639025,179.14
:0639027,444.14
:0639029,253.34
:0639032,253.34
:0639034,295.74
:0639035,645.54
:0639038,656.14
:0639040,253.34
:0639042,444.14
:0639044,380.54
:0639046,645.54
:0639049,221.54
:0639051,656.14
:0639052,210.94
:0639054,253.34
:0639056,369.94
:0639058,369.94
:0639060,444.14
:0639062,380.54
:0639064,380.54
:0639066,179.14
:0639068,210.94
:0639070,444.14
:0639072,369.94
:0639074,656.14
:0639076,444.14
:0639078,210.94
:0639080,369.94
:0639082,253.34
:0639084,380.54
:0639086,380.54
:0639088,369.94
:0639090,369.94
:0639092,221.54
:0639094,560.74
:0639096,253.34
:0639098,369.94
:0639100,444.14
:0639102,210.94
:0639104,221.54
:0639106,210.94
:0639109,179.14
:0639111,380.54
:0639113,560.74
:0639115,221.54
:0639117,253.34
:0639119,369.94
:0639121,179.14
:0639123,179.14
:0639125,380.54
:0639127,656.14
:0639129,179.14
:0639131,518.34
:0639133,221.54
:0639135,359.34
:0639137,475.94
:0639139,369.94
:0639141,518.34
:0639143,645.54
:0639145,359.34
:0639147,210.94
:0639149,475.94
:0639152,666.74
:0639154,656.14
:0639156,783.34
:0639158,200.34
:0639160,200.34
:0639162,200.34
:0639164,645.54
:0639166,518.34
:0639168,475.94
:0639170,645.54
:0639171,475.94
:0639173,242.74
:0639175,783.34
:0639178,475.94
:0639180,518.34
:0639182,359.34
:0639184,242.74
:0639186,359.34
:0639188,783.34
:0639190,783.34
:0639191,200.34
:0639193,200.34
:0639195,518.34
:0639197,348.74
:0639199,359.34
:0639201,645.54
:0639203,475.94
:0639205,348.74
:0639207,783.34
:0639209,348.74
:0639211,433.54
:0639213,475.94
:0639215,666.74
:0639217,348.74
:0639219,359.34
:0639221,433.54
:0639223,433.54
:0639225,645.54
:0639227,475.94
:0639229,475.94
:0639230,316.94
:0639232,666.74
:0639234,666.74
:0639235,709.14
:0639236,359.34
:0639239,200.34
:0639240,348.74
:0639243,200.34
:0639245,666.74
:0639248,433.54
:0639250,316.94
:0639251,316.94
:0639254,666.74
:0639256,762.14
:0639257,433.54
:0639259,762.14
:0639261,316.94
:0639263,645.54
:0639266,475.94
:0639271,709.14
:0639272,359.34
:0639274,316.94
:0639276,348.74
:0639278,200.34
:0639279,666.74
:0639281,709.14
:0639283,433.54
:0639285,666.74
:0639287,316.94
:0639289,645.54
:0639291,359.34
:0640655,369.94
:0640656,613.74
:0640657,316.94
:0640658,539.54
:0639293,709.14
:0639295,709.14
:0639297,518.34
:0639299,433.54
:0639301,645.54
:0639303,200.34
:0639305,348.74
:0639307,433.54
:0639309,645.54
:0639311,709.14
:0639313,560.74
:0639314,666.74
:0639317,401.74
:0639319,666.74
:0639321,348.74
:0639323,221.54
:0639325,295.74
:0639329,433.54
:0639331,295.74
:0639332,762.14
:0639334,401.74
:0639337,348.74
:0639340,444.14
:0639342,645.54
:0639343,709.14
:0639346,295.74
:0639348,253.34
:0639350,253.34
:0639352,316.94
:0639354,560.74
:0639356,762.14
:0639360,316.94
:0639362,221.54
:0639365,645.54
:0639367,200.34
:0639370,221.54
:0639372,221.54
:0639374,762.14
:0639376,401.74
:0639378,253.34
:0639380,295.74
:0639382,433.54
:0639384,762.14
:0639385,709.14
:0639388,645.54
:0639390,316.94
:0639393,253.34
:0639395,709.14
:0639396,401.74
:0639399,645.54
:0639402,433.54
:0639404,253.34
:0639406,295.74
:0639408,709.14
:0639410,295.74
:0639412,762.14
:0639414,295.74
:0639416,369.94
:0639418,316.94
:0639420,253.34
:0639422,359.34
:0639424,762.14
:0639426,709.14
:0639428,369.94
:0639430,348.74
:0639432,348.74
:0639434,359.34
:0639436,369.94
:0639438,709.14
:0639440,327.54
:0639441,221.54
:0639443,433.54
:0639446,327.54
:0639448,709.14
:0639450,327.54
:0639452,369.94
:0639454,359.34
:0639456,221.54
:0639458,327.54
:0639460,359.34
:0639462,221.54
:0639464,327.54
:0639466,327.54
:0639468,709.14
:0639470,709.14
:0639472,221.54
:0639474,221.54
:0639476,359.34
:0639478,359.34
:0639480,391.14
:0639482,433.54
:0639484,433.54
:0639486,369.94
:0639488,369.94
:0639490,603.14
:0639492,592.54
:0639494,348.74
:0639497,592.54
:0639499,380.54
:0639501,369.94
:0639503,603.14
:0639505,433.54
:0639506,327.54
:0639508,391.14
:0639510,348.74
:0639512,348.74
:0639514,359.34
:0639516,369.94
:0639517,433.54
:0639519,603.14
:0639521,348.74
:0639524,327.54
:0639526,348.74
:0639528,369.94
:0639529,433.54
:0639531,709.14
:0639533,603.14
:0639535,391.14
:0639537,433.54
:0639539,391.14
:0639541,603.14
:0639543,348.74
:0639545,369.94
:0639547,242.74
:0639549,327.54
:0639551,391.14
:0639553,380.54
:0639555,242.74
:0639558,380.54
:0639560,825.74
:0639563,391.14
:0639566,391.14
:0639568,603.14
:0639569,592.54
:0639571,380.54
:0639573,592.54
:0639575,242.74
:0639577,603.14
:0639579,391.14
:0639581,592.54
:0639583,348.74
:0639585,603.14
:0639587,348.74
:0639590,825.74
:0639592,825.74
:0639594,592.54
:0639596,380.54
:0639598,603.14
:0639600,380.54
:0639603,592.54
:0639605,348.74
:0639608,391.14
:0639610,825.74
:0639613,825.74
:0639614,825.74
:0639617,242.74
:0639618,783.34
:0639620,603.14
:0639622,518.34
:0639624,242.74
:0639626,592.54
:0639628,518.34
:0639630,380.54
:0639632,242.74
:0639634,783.34
:0639636,783.34
:0639638,518.34
:0639639,645.54
:0639641,242.74
:0639642,825.74
:0639645,645.54
:0639646,359.34
:0639648,783.34
:0639650,645.54
:0639652,825.74
:0639654,518.34
:0639655,825.74
:0639657,825.74
:0639659,380.54
:0639661,645.54
:0639663,645.54
:0639665,242.74
:0639667,592.54
:0639670,221.54
:0639671,783.34
:0639673,359.34
:0639675,221.54
:0639677,380.54
:0639679,359.34
:0639681,221.54
:0639683,391.14
:0639685,709.14
:0639687,369.94
:0639689,380.54
:0639691,369.94
:0639693,433.54
:0639695,592.54
:0639697,327.54
:0639699,656.14
:0639701,433.54
:0639703,709.14
:0639705,221.54
:0639707,221.54
:0639709,221.54
:0639711,359.34
:0639712,369.94
:0639714,221.54
:0639716,656.14
:0639718,380.54
:0639720,221.54
:0639722,380.54
:0639724,656.14
:0639726,656.14
:0639728,709.14
:0639730,656.14
:0639733,369.94
:0639737,380.54
:0639739,179.14
:0639740,221.54
:0639742,221.54
:0639744,709.14
:0639745,369.94
:0639747,221.54
:0639748,369.94
:0641634,359.34
:0641635,581.94
:0641636,677.34
:0641637,581.94
:0641638,359.34
:0641639,444.14
:0641643,592.54
:0641646,592.54
:0641648,359.34
:0641649,444.14
:0641651,454.74
:0641653,603.14
:0641656,454.74
:0641658,592.54
:0640663,232.14
:0640664,613.74
:0640665,295.74
:0640666,539.54
:0640667,232.14
:0640668,391.14
:0640669,539.54
:0640670,295.74
:0640671,232.14
:0640672,391.14
:0640673,391.14
:0640680,348.74
:0640681,391.14
:0640682,295.74
:0640684,295.74
:0640687,327.54
:0640689,369.94
:0640691,232.14
:0640693,232.14
:0640696,295.74
:0640698,369.94
:0640699,295.74
:0640701,327.54
:0640703,232.14
:0640705,316.94
:0640708,306.34
:0640710,306.34
:0640712,369.94
:0640714,422.94
:0640716,422.94
:0640718,422.94
:0640720,327.54
:0640721,306.34
:0640722,316.94
:0640726,242.74
:0640727,327.54
:0640730,242.74
:0640731,327.54
:0640733,306.34
:0640735,316.94
:0640737,306.34
:0640738,613.74
:0640740,306.34
:0640742,242.74
:0640744,316.94
:0640746,242.74
:0640748,613.74
:0640750,242.74
:0640752,613.74
:0640754,316.94
:0640756,327.54
:0640758,422.94
:0640759,391.14
:0640762,550.14
:0640764,242.74
:0640766,613.74
:0640768,316.94
:0640770,327.54
:0640772,316.94
:0640773,550.14
:0640776,316.94
:0640777,242.74
:0640780,550.14
:0640782,316.94
:0640784,348.74
:0640786,422.94
:0640789,327.54
:0640792,422.94
:0640794,348.74
:0640796,306.34
:0640799,285.14
:0640801,316.94
:0640804,327.54
:0640807,634.94
:0640808,613.74
:0640810,306.34
:0640812,422.94
:0640816,422.94
:0640818,422.94
:0640820,306.34
:0640822,327.54
:0640824,242.74
:0640826,242.74
:0640828,285.14
:0640830,634.94
:0640833,613.74
:0640835,550.14
:0640838,645.54
:0640841,613.74
:0640843,550.14
:0640844,645.54
:0640846,316.94
:0640847,634.94
:0640849,348.74
:0640851,242.74
:0640854,645.54
:0640856,348.74
:0640858,306.34
:0640860,316.94
:0640863,634.94
:0640865,316.94
:0640867,634.94
:0640869,316.94
:0640871,285.14
:0640873,645.54
:0640875,285.14
:0640878,645.54
:0640880,285.14
:0640882,348.74
:0640884,316.94
:0640886,348.74
:0640889,550.14
:0640891,634.94
:0640893,232.14
:0640895,274.54
:0640897,285.14
:0640899,581.94
:0640901,497.14
:0640903,581.94
:0640905,348.74
:0640909,497.14
:0640911,327.54
:0640913,550.14
:0640915,497.14
:0640918,316.94
:0640920,550.14
:0640922,475.94
:0640924,232.14
:0640926,232.14
:0640928,348.74
:0640932,348.74
:0640933,338.14
:0640936,316.94
:0640937,391.14
:0640939,316.94
:0640941,422.94
:0640943,497.14
:0640945,475.94
:0640946,327.54
:0640947,327.54
:0640949,391.14
:0640950,475.94
:0640952,581.94
:0640954,327.54
:0640956,338.14
:0640958,497.14
:0640960,497.14
:0640962,581.94
:0640964,581.94
:0640966,475.94
:0640968,497.14
:0640971,327.54
:0640973,232.14
:0640975,475.94
:0640977,327.54
:0640980,316.94
:0640982,338.14
:0640984,348.74
:0640987,338.14
:0640989,475.94
:0640991,338.14
:0640992,327.54
:0640994,348.74
:0640996,327.54
:0640998,581.94
:0641001,497.14
:0641003,338.14
:0641004,475.94
:0641006,327.54
:0641009,316.94
:0641011,348.74
:0641013,274.54
:0641015,475.94
:0641017,348.74
:0641019,391.14
:0641021,391.14
:0641023,316.94
:0641025,581.94
:0641026,348.74
:0641028,348.74
:0641030,316.94
:0641032,369.94
:0641034,497.14
:0641036,348.74
:0641038,232.14
:0641041,348.74
:0641044,232.14
:0641046,232.14
:0641048,581.94
:0641050,497.14
:0641052,497.14
:0641055,391.14
:0641057,316.94
:0641058,391.14
:0641060,232.14
:0641063,581.94
:0641064,497.14
:0641066,316.94
:0641068,232.14
:0641070,327.54
:0641072,391.14
:0641075,497.14
:0641077,497.14
:0641079,348.74
:0641081,369.94
:0641082,391.14
:0641084,295.74
:0641086,369.94
:0641087,581.94
:0641090,348.74
:0641091,391.14
:0641093,348.74
:0641095,391.14
:0641097,232.14
:0641099,539.54
:0641101,295.74
:0641103,391.14
:0641104,391.14
:0641106,539.54
:0641108,539.54
:0641110,369.94
:0641112,232.14
:0641114,232.14
:0641115,348.74
:0641116,391.14
:0641117,295.74
:0641119,295.74
:0641122,391.14
:0641123,232.14
:0641125,539.54
:0641127,539.54
:0641130,348.74
:0641133,369.94
:0641135,369.94
:0641137,316.94
:0641139,369.94
:0641141,316.94
:0641143,539.54
:0641146,539.54
:0641148,497.14
:0641150,391.14
:0641152,475.94
:0641154,338.14
:0641156,338.14
:0641158,274.54
:0641160,497.14
:0641163,539.54
:0641165,497.14
:0641167,539.54
:0641168,369.94
:0641171,338.14
:0641173,274.54
:0641175,497.14
:0641177,295.74
:0641180,475.94
:0641182,539.54
:0641184,285.14
:0641186,369.94
:0641188,274.54
:0641190,518.34
:0641192,497.14
:0641193,497.14
:0641195,338.14
:0641197,295.74
:0641199,274.54
:0641201,539.54
:0641203,274.54
:0641205,338.14
:0641207,518.34
:0641209,518.34
:0641211,645.54
:0641213,539.54
:0641216,285.14
:0641218,634.94
:0641220,338.14
:0641221,285.14
:0641223,285.14
:0641225,274.54
:0641227,518.34
:0641229,645.54
:0641231,338.14
:0641233,634.94
:0641235,550.14
:0641237,348.74
:0641239,645.54
:0641241,316.94
:0641243,634.94
:0641245,634.94
:0641247,285.14
:0641249,645.54
:0641251,274.54
:0641253,316.94
:0641254,338.14
:0641256,338.14
:0641258,518.34
:0641260,348.74
:0641262,274.54
:0641264,550.14
:0641265,285.14
:0641268,285.14
:0641270,274.54
:0641271,274.54
:0641273,274.54
:0641275,518.34
:0641277,285.14
:0641280,539.54
:0641282,338.14
:0641284,465.34
:0641286,338.14
:0641288,539.54
:0641290,539.54
:0641292,274.54
:0641294,465.34
:0641298,465.34
:0641301,285.14
:0641304,285.14
:0641306,518.34
:0641308,645.54
:0641309,338.14
:0641312,518.34
:0641314,274.54
:0641316,518.34
:0641318,539.54
:0641320,518.34
:0641322,338.14
:0641324,465.34
:0641326,592.54
:0641329,338.14
:0641331,592.54
:0641332,592.54
:0641335,295.74
:0641336,539.54
:0641339,454.74
:0641341,560.74
:0641343,285.14
:0641345,285.14
:0641347,539.54
:0641349,539.54
:0641350,592.54
:0641352,560.74
:0641354,295.74
:0641356,454.74
:0641358,454.74
:0641360,465.34
:0641362,560.74
:0641364,560.74
:0641365,560.74
:0641369,285.14
:0641371,465.34
:0641373,285.14
:0641375,454.74
:0641377,454.74
:0641379,539.54
:0641381,369.94
:0641383,465.34
:0641384,295.74
:0641389,560.74
:0641390,274.54
:0641393,592.54
:0641395,539.54
:0641397,592.54
:0641399,454.74
:0641400,560.74
:0641402,592.54
:0641404,454.74
:0641406,560.74
:0641408,295.74
:0641410,465.34
:0641412,274.54
:0641414,539.54
:0641416,539.54
:0641418,539.54
:0641420,274.54
:0641422,454.74
:0641424,295.74
:0641426,539.54
:0641428,295.74
:0641430,274.54
:0641432,592.54
:0641434,274.54
:0641436,592.54
:0641438,465.34
:0641440,295.74
:0641442,560.74
:0641444,539.54
:0641446,295.74
:0641448,454.74
:0641449,465.34
:0641450,592.54
:0641451,454.74
:0641452,560.74
:0641661,454.74
:0641663,359.34
:0641665,359.34
:0641667,645.54
:0641669,444.14
:0641672,677.34
:0641673,454.74
:0641675,359.34
:0641677,454.74
:0641679,380.54
:0641680,380.54
:0641682,359.34
:0641683,380.54
:0641685,677.34
:0641686,677.34
:0641688,359.34
:0641691,454.74
:0641693,253.34
:0641695,338.14
:0641697,338.14
:0641699,412.34
:0641701,666.74
:0641703,359.34
:0641705,571.34
:0641707,274.54
:0641709,603.14
:0641710,666.74
:0641712,560.74
:0641715,359.34
:0641717,253.34
:0641719,603.14
:0641721,253.34
:0641722,560.74
:0641724,581.94
:0641726,592.54
:0641728,274.54
:0641730,603.14
:0641733,677.34
:0641735,338.14
:0641737,338.14
:0641739,253.34
:0641741,666.74
:0641743,391.14
:0641745,391.14
:0641749,391.14
:0641751,666.74
:0641753,677.34
:0641755,666.74
:0641757,274.54
:0641759,380.54
:0641761,391.14
:0641763,338.14
:0641765,391.14
:0641767,571.34
:0641768,274.54
:0641770,571.34
:0641772,380.54
:0641774,338.14
:0641776,571.34
:0641778,560.74
:0641780,592.54
:0641782,391.14
:0641784,380.54
:0641786,253.34
:0641788,412.34
:0641791,412.34
:0641793,592.54
:0641795,263.94
:0641797,560.74
:0641799,677.34
:0641801,412.34
:0641803,263.94
:0641805,253.34
:0641807,380.54
:0641809,571.34
:0641811,560.74
:0641818,263.94
:0641820,412.34
:0641823,263.94
:0641825,603.14
:0641827,253.34
:0641828,571.34
:0641831,338.14
:0641833,263.94
:0641835,380.54
:0641837,560.74
:0641839,666.74
:0641840,571.34
:0641842,263.94
:0641845,338.14
:0641847,571.34
:0641850,666.74
:0641852,391.14
:0641854,444.14
:0641856,560.74
:0641858,666.74
:0641860,560.74
:0641862,666.74
:0641864,412.34
:0641866,581.94
:0641869,263.94
:0641871,560.74
:0641873,380.54
:0641875,412.34
:0641877,412.34
:0641879,444.14
:0641881,560.74
:0641883,380.54
:0641885,263.94
:0641888,581.94
:0641890,338.14
:0641892,412.34
:0641894,666.74
:0641896,412.34
:0641898,263.94
:0641900,338.14
:0641902,571.34
:0641904,380.54
:0641906,444.14
:0641908,391.14
:0641910,391.14
:0641912,666.74
:0641914,263.94
:0641916,348.74
:0641918,581.94
:0641920,571.34
:0641922,603.14
:0641925,444.14
:0641927,391.14
:0641929,666.74
:0641931,666.74
:0641933,380.54
:0641935,581.94
:0641937,348.74
:0641939,348.74
:0641941,603.14
:0641943,338.14
:0641945,338.14
:0641948,348.74
:0641950,666.74
:0641952,433.54
:0641954,592.54
:0641956,444.14
:0641958,444.14
:0641960,338.14
:0641962,454.74
:0641964,603.14
:0641966,338.14
:0641968,645.54
:0641970,603.14
:0641971,603.14
:0641976,380.54
:0641977,380.54
:0641978,348.74
:0641979,645.54
:0641980,581.94
:0641984,581.94
:0641985,454.74
:0641986,581.94
:0641988,666.74
:0641990,677.34
:0641992,592.54
:0641994,433.54
:0641997,433.54
:0641999,433.54
:0642001,592.54
:0642003,677.34
:0642005,380.54
:0642007,677.34
:0642009,645.54
:0642012,433.54
:0642014,412.34
:0642016,380.54
:0642018,592.54
:0642019,645.54
:0642022,645.54
:0642024,380.54
:0642026,571.34
:0642028,592.54
:0642030,454.74
:0642032,412.34
:0642033,677.34
:0642035,454.74
:0642038,359.34
:0642040,677.34
:0642042,592.54
:0642044,571.34
:0642046,380.54
:0642048,592.54
:0642050,359.34
:0642052,454.74
:0642053,444.14
:0642056,571.34
:0642058,571.34
:0642060,454.74
:0642062,645.54
:0642063,645.54
:0642064,433.54
:0642066,433.54
:0642068,454.74
:0642070,571.34
:0642071,645.54
:0642074,359.34
:0642076,645.54
:0642078,592.54
:0642080,359.34
:0642082,433.54
:0642084,677.34
:0642086,454.74
:0642088,677.34
:0642089,571.34
:0642091,412.34
:0642094,380.54
:0642096,412.34
:0642098,433.54
:0642100,454.74
:0642102,571.34
:0642104,412.34
:0642107,433.54
:0642110,412.34
:0642112,454.74
:0642114,454.74
:0642116,263.94
:0642118,592.54
:0642119,380.54
:0642120,274.54
:0642121,359.34
:0642123,359.34
:0642124,263.94
:0642126,359.34
:0642128,263.94
:0642133,359.34
:0642135,571.34
:0642137,592.54
:0642139,263.94
:0642141,592.54
:0642144,454.74
:0642146,412.34
:0642147,412.34
:0642149,253.34
:0642152,571.34
:0642154,263.94
:0642156,666.74
:0642158,412.34
:0642160,359.34
:0642162,338.14
:0642164,454.74
:0642166,263.94
:0642168,274.54
:0642170,338.14
:0642173,571.34
:0642174,592.54
:0642176,338.14
:0642178,359.34
:0642180,253.34
:0642182,253.34
:0642184,412.34
:0642185,677.34
:0642187,666.74
:0642188,454.74
:0642190,274.54
:0642192,274.54
:0642193,263.94
:0642194,592.54
:0642195,338.14
:0642196,274.54
:0642199,677.34
:0642201,263.94
:0642203,677.34
:0642205,666.74
:0642208,666.74
:0642210,263.94
:0642212,666.74
:0642214,677.34
:0642215,592.54
:0642217,338.14
:0642219,677.34
:0642221,263.94
:0642223,338.14
:0642226,677.34
:0642227,274.54
:0644579,422.94
:0644580,422.94
:0644581,995.34
:0644582,1058.94
:0644583,1058.94
:0644585,422.94
:0644586,1058.94
:0644587,1058.94
:0644588,422.94
:0644589,995.34
:0644590,422.94
:0644591,1058.94
:0644596,422.94
:0644598,995.34
:0644599,1058.94
:0644601,1058.94
:0644603,666.74
:0644605,422.94
:0644608,422.94
:0644610,422.94
:0644611,666.74
:0644615,1058.94
:0644617,1058.94
:0644619,422.94
:0644621,422.94
:0644623,995.34
:0644625,422.94
:0644629,422.94
:0644632,1058.94
:0644635,995.34
:0644636,1133.14
:0644638,995.34
:0644641,624.34
:0644643,1058.94
:0644645,369.94
:0644649,815.14
:0644650,422.94
:0644652,1058.94
:0644654,422.94
:0644656,1058.94
:0644658,624.34
:0644660,815.14
:0644662,422.94
:0644664,815.14
:0644666,422.94
:0644669,422.94
:0644672,369.94
:0644673,422.94
:0644675,1058.94
:0644677,369.94
:0644679,369.94
:0644681,369.94
:0644683,624.34
:0644685,1058.94
:0644688,422.94
:0644690,422.94
:0644692,624.34
:0644694,995.34
:0644697,1058.94
:0644699,1058.94
:0644701,422.94
:0644703,369.94
:0644704,465.34
:0644710,709.14
:0644711,422.94
:0644712,200.34
:0644713,740.94
:0644714,1058.94
:0644715,709.14
:0644718,624.34
:0644720,369.94
:0644722,740.94
:0644724,740.94
:0644726,815.14
:0644728,740.94
:0644731,740.94
:0644733,1005.94
:0644735,274.54
:0644737,115.54
:0644739,422.94
:0644741,465.34
:0644744,624.34
:0644746,740.94
:0644748,624.34
:0644750,422.94
:0644751,709.14
:0644755,624.34
:0644757,465.34
:0644758,740.94
:0644760,465.34
:0644762,624.34
:0644764,465.34
:0644765,740.94
:0644767,465.34
:0644769,465.34
:0644771,200.34
:0644773,200.34
:0644774,624.34
:0644777,963.54
:0644778,740.94
:0644781,740.94
:0644783,200.34
:0644785,740.94
:0644786,963.54
:0644788,963.54
:0644790,709.14
:0644792,274.54
:0644794,624.34
:0644797,709.14
:0644799,963.54
:0644801,422.94
:0644805,740.94
:0644807,115.54
:0644809,200.34
:0644810,422.94
:0644812,422.94
:0644814,740.94
:0644815,740.94
:0644817,465.34
:0644819,422.94
:0644821,740.94
:0644823,422.94
:0644825,465.34
:0644827,740.94
:0644830,624.34
:0644832,740.94
:0644835,465.34
:0644837,274.54
:0644839,422.94
:0644841,422.94
:0644843,624.34
:0644846,465.34
:0644848,465.34
:0644850,740.94
:0644852,200.34
:0644855,422.94
:0644858,740.94
:0644860,1133.14
:0644862,115.54
:0644864,1133.14
:0644866,666.74
:0644868,200.34
:0644870,422.94
:0644872,740.94
:0644874,740.94
:0644876,115.54
:0644879,963.54
:0644881,422.94
:0644884,422.94
:0644887,963.54
:0644890,465.34
:0644892,963.54
:0644894,740.94
:0644896,422.94
:0644898,740.94
:0644900,740.94
:0644902,465.34
:0644904,422.94
:0644914,963.54
:0644915,963.54
:0644917,1133.14
:0644919,422.94
:0644921,422.94
:0644923,422.94
:0644925,740.94
:0644929,422.94
:0644930,1133.14
:0644931,422.94
:0644937,465.34
:0644938,666.74
:0644939,200.34
:0644944,1058.94
:0644945,422.94
:0644947,995.34
:0644949,1133.14
:0644952,740.94
:0644954,1058.94
:0644956,995.34
:0644958,666.74
:0644960,422.94
:0644962,995.34
:0644963,666.74
:0644964,666.74
:0644966,1133.14
:0644968,465.34
:0644970,465.34
:0644972,666.74
:0644974,422.94
:0644976,422.94
:0644978,740.94
:0644980,687.94
:0644982,1133.14
:0644984,1133.14
:0644987,666.74
:0644989,115.54
:0644990,963.54
:0644992,687.94
:0644994,200.34
:0644996,200.34
:0644998,422.94
:0644999,698.54
:0645001,1133.14
:0645003,666.74
:0645005,1005.94
:0645007,1005.94
:0645009,1133.14
:0645012,1133.14
:0645014,687.94
:0645016,465.34
:0645018,698.54
:0645020,740.94
:0645022,740.94
:0645024,740.94
:0645026,698.54
:0645028,1005.94
:0645030,698.54
:0645032,687.94
:0645036,274.54
:0645038,740.94
:0645039,740.94
:0645041,1005.94
:0645042,1133.14
:0645045,698.54
:0645047,740.94
:0645050,115.54
:0645052,624.34
:0645054,1133.14
:0645056,740.94
:0645058,1133.14
:0645061,624.34
:0645064,687.94
:0645066,1005.94
:0645068,719.74
:0645070,200.34
:0645072,740.94
:0645074,115.54
:0645076,624.34
:0645078,200.34
:0645080,740.94
:0645082,1133.14
:0645085,719.74
:0645087,624.34
:0645089,1005.94
:0645091,1133.14
:0645093,687.94
:0645095,740.94
:0645097,698.54
:0645099,698.54
:0645101,1005.94
:0645103,698.54
:0645105,624.34
:0645107,687.94
:0645109,740.94
:0645111,687.94
:0645113,624.34
:0645115,687.94
:0645117,200.34
:0645119,666.74
:0645121,115.54
:0645123,1133.14
:0645125,624.34
:0645127,624.34
:0645129,274.54
:0645131,666.74
:0645133,719.74
:0645135,687.94
:0645137,687.94
:0645139,740.94
:0645141,274.54
:0645143,698.54
:0645145,200.34
:0645147,687.94
:0645149,624.34
:0645151,666.74
:0645153,666.74
:0645155,719.74
:0645158,719.74
:0645159,624.34
:0645161,624.34
:0645164,624.34
:0645166,687.94
:0645168,624.34
:0645170,624.34
:0645172,687.94
:0645174,200.34
:0645176,274.54
:0645178,274.54
:0645180,719.74
:0645182,698.54
:0645184,465.34
:0645186,624.34
:0645188,624.34
:0645190,115.54
:0645192,719.74
:0645194,687.94
:0645196,740.94
:0645198,666.74
:0645201,709.14
:0645203,666.74
:0645205,624.34
:0645207,740.94
:0645209,687.94
:0645211,666.74
:0645213,465.34
:0645214,666.74
:0645216,624.34
:0645218,624.34
:0645220,687.94
:0645222,719.74
:0645224,709.14
:0645227,709.14
:0645230,740.94
:0645232,687.94
:0645234,666.74
:0645236,624.34
:0645238,719.74
:0645240,740.94
:0645242,709.14
:0645244,624.34
:0645246,624.34
:0645249,687.94
:0645251,422.94
:0645253,666.74
:0645255,200.34
:0645257,1005.94
:0645259,624.34
:0645261,200.34
:0645263,1005.94
:0645265,709.14
:0645267,719.74
:0645269,624.34
:0645271,687.94
:0645275,740.94
:0645280,422.94
:0645284,274.54
:0645286,369.94
:0645288,369.94
:0645290,624.34
:0645292,740.94
:0645294,624.34
:0645300,1133.14
:0645302,369.94
:0645304,1005.94
:0645306,815.14
:0645308,624.34
:0645310,815.14
:0645313,815.14
:0645317,1133.14
:0645319,1005.94
:0645321,200.34
:0645324,1005.94
:0645326,1005.94
:0645328,1005.94
:0645330,1005.94
:0645332,740.94
:0645333,200.34
:0645334,815.14
:0645335,740.94
:0645336,815.14
:0645338,115.54
:0645339,740.94
:0645340,274.54
:0645343,740.94
:0645344,1005.94
:0645345,1005.94
:0645346,740.94
:0645347,815.14
:0645348,1005.94
:0645350,1005.94
:0645351,200.34
:0664382,30.73
:0664383,12.71
:0664386,12.71
:0664388,12.71
:0664390,422.94
:0664392,295.74
:0664394,12.71
:0664396,56.7
:0664398,12.71
:0664400,12.71
:0664402,12.71
:0664404,12.71
:0664406,12.71
:0664408,12.71
:0664409,26.49
:0664411,12.71
:0664413,70.48
:0664415,401.74
:0664418,12.71
:0664420,316.94
:0664422,12.71
:0664424,12.71
:0664426,12.71
:0664428,12.71
:0664430,30.73
:0664432,324.89
:0664435,12.71
:0664437,12.71
:0664441,274.54
:0664443,30.73
:0664446,12.71
:0664448,30.73
:0664450,30.73
:0664453,12.71
:0664455,308.99
:0664456,12.71
:0664458,12.71
:0664460,12.71
:0664462,12.71
:0664464,12.71
:0664468,30.73
:0664470,12.71
:0664472,23.31
:0664475,12.71
:0664477,12.71
:0664479,12.71
:0664481,12.71
:0664482,12.71
:0664484,12.71
:0664486,12.71
:0664488,12.71
:0664490,30.73
:0664491,12.71
:0664493,316.94
:0664495,12.71
:0664497,12.71
:0664499,12.71
:0664501,30.73
:0664503,12.71
:0664505,11.65
:0664506,12.71
:0664510,12.71
:0664512,12.71
:0664514,29.67
:0664516,12.71
:0664518,30.73
:0664520,12.71
:0664522,12.71
:0664524,30.73
:0664526,21.19
:0664528,22.78
:0664530,12.71
:0664531,31.79
:0664532,12.71
:0664533,332.84
:0664534,12.71
:0664535,12.71
:0663833,698.54
:0663834,497.14
:0663836,518.34
:0663838,497.14
:0663840,687.94
:0663842,740.94
:0663844,497.14
:0663846,634.94
:0663848,634.94
:0663850,465.34
:0663851,634.94
:0663854,518.34
:0663856,634.94
:0663857,634.94
:0663860,740.94
:0663861,740.94
:0663864,465.34
:0663866,518.34
:0663868,465.34
:0663870,465.34
:0663874,497.14
:0663876,698.54
:0663878,687.94
:0663879,687.94
:0663882,634.94
:0663883,634.94
:0663885,518.34
:0663888,497.14
:0663890,518.34
:0663891,740.94
:0663893,497.14
:0663895,634.94
:0663897,465.34
:0663899,497.14
:0663901,497.14
:0663904,698.54
:0663906,634.94
:0663908,518.34
:0663910,698.54
:0663912,687.94
:0663914,465.34
:0663916,497.14
:0663918,698.54
:0663919,687.94
:0663921,687.94
:0663923,740.94
:0663925,465.34
:0663927,740.94
:0663930,465.34
:0663933,740.94
:0663935,698.54
:0663937,497.14
:0663938,740.94
:0663940,497.14
:0663941,518.34
:0663943,497.14
:0663946,497.14
:0663948,497.14
:0663950,518.34
:0663952,518.34
:0663955,698.54
:0663956,740.94
:0663959,497.14
:0663961,497.14
:0663964,687.94
:0663966,634.94
:0663969,497.14
:0663971,698.54
:0663973,698.54
:0663975,465.34
:0663977,518.34
:0663979,497.14
:0663981,687.94
:0663984,687.94
:0663986,740.94
:0663987,465.34
:0663988,497.14
:0663989,687.94
:0664009,497.14
:0664010,698.54
:0666490,19.99
:0666491,49
:0666492,54
:0666493,79
:0669879,299
:0676405,210.94
:0696876,136.74
:0696877,147.34
:0696878,136.74
:0696879,29.33
:0696880,168.54
:0696923,391.14
:0696924,391.14
:0696926,391.14
:0696927,391.14
:0696928,391.14
:0696929,391.14
:0696930,391.14
:0696931,391.14
:0696932,391.14
:0711004,115.54
:0711005,168.54
:0759589,169
:0759590,169
:0759591,139
:0759594,239
:0759597,239
:0759599,239
:0759601,159
:0759603,139
:0759606,159
:0759608,239
:0759610,179
:0759612,179
:0759614,169
:0759616,179
:0759618,159
:0759620,239
:0759622,299
:0759625,129
:0759627,169
:0759630,139
:0759632,139
:0759634,239
:0759636,179
:0759638,239
:0759639,159
:0759641,159
:0759642,179
:0759644,239
:0759646,179
:0759648,169
:0759650,169
:0759651,139
:0759653,139
:0759655,239
:0759657,239
:0759659,239
:0759661,139
:0759663,129
:0759666,139
:0759668,129
:0759670,139
:0759672,239
:0759675,129
:0759677,169
:0759679,169
:0759681,139
:0759683,239
:0759685,239
:0759687,139
:0759688,139
:0759690,169
:0759693,239
:0759695,129
:0759697,239
:0759699,169
:0759702,129
:0759704,239
:0759706,139
:0759708,139
:0759710,239
:0759712,169
:0759714,169
:0759716,369
:0759718,419
:0759719,239
:0759721,159
:0759723,179
:0759725,169
:0759727,419
:0759729,129
:0759731,139
:0759733,239
:0759735,239
:0759740,169
:0759744,139
:0759746,169
:0759748,419
:0759749,139
:0759753,139
:0759755,139
:0759757,419
:0759759,139
:0759761,239
:0759763,169
:0759769,169
:0759770,169
:0759771,139
:0759772,139
:0759775,169
:0759777,169
:0759779,139
:0759782,239
:0759784,369
:0759786,239
:0759788,239
:0759791,159
:0759792,179
:0759795,169
:0759796,129
:0759798,419
:0759800,369
:0759802,239
:0759804,139
:0759806,299
:0759808,169
:0759810,179
:0759812,159
:0759815,139
:0759818,239
:0759820,369
:0759822,239
:0759823,419
:0759826,419
:0759828,419
:0759829,159
:0759831,369
:0759833,299
:0759835,179
:0759837,369
:0759841,299
:0759843,169
:0759845,169
:0759847,159
:0759849,239
:0759851,299
:0759854,159
:0759856,239
:0759859,179
:0759861,419
:0759863,299
:0759865,139
:0759866,139
:0759868,169
:0759871,159
:0759873,239
:0759874,159
:0759877,159
:0759879,139
:0759880,239
:0759883,159
:0759885,179
:0759887,179
:0759889,299
:0759891,299
:0759893,239
:0759895,369
:0759897,169
:0759899,369
:0759901,179
:0759905,419
:0759907,159
:0759909,179
:0759911,299
:0759913,169
:0759914,239
:0759915,369
:0759916,179
:0759917,169
:0759918,299
:0759919,239
:0759920,239
:0759921,369
,
,
